	Title	Description	Links	Publication Date
140	Доллар упал ниже 74 руб./$	Курс доллара в ходе торгов на Московской бирже опускался ниже 74 руб./$ впервые с 20 февраля. По состоянию на 8:17 доллар снижается на 0,39%, до 74,31 руб./$.	https://www.kommersant.ru/doc/5843228	Tue, 28 Feb 2023 08:38:00 +0300
534	Российский рынок продолжил «зеленеть» в отсутствие нового негатива	"
Российский фондовый рынок провел последнюю зимнюю торговую сессию на зеленой территории. По итогам вторника, 28 февраля, индекс МосБиржи подрос на 0,54% до 2253,16 пункта, РТС прибавил на 0,1% остановившись на отметке 946,23 пункта. 

Отечественный рынок в отсутствии нового геополитического негатива переключился на свою «внутреннюю кухню», сконцентрировавшись на корпоративных новостях. Даже опубликованные утром сообщения от рейтингового агентства Moody's, которое существенно ухудшило оценки по российской экономике, не сильно впечатлило инвесторов. Согласно прогнозу агентства, ВВП России снизится в текущем году на 3%, эксперты Moody's считают, что Россию ждет худшая рецессия со времен финансового кризиса, поскольку санкции вынуждают все более отчаявшийся Кремль проводить «неортодоксальную» экономическую политику.
Однако участники рынка за прошедший год слышали уже так много пессимистичных прогнозов, что, кажется, к ним привыкли, равно как и к все новым и новым санкциям, так что их чувствительность к подобного рода новостям притупилась.
Но вот обсуждаемые в правительстве параметры единовременных так называемых «добровольных» взносов компаний в российский бюджет – это инвесторы держат в фокусе своего внимания, поскольку этот факт повлияет на размер возможных дивидендов и в целом на способность их выплачивать. Сегодня СМИ сообщили, что обсуждается схема, по которой успешные компании заплатят 5% от разницы между средней прибылью за 2021-2022 годы и 2018-2019 годы. 
Уже известно, что на нефтегазовый сектор этот сбор не будет распространяется, поэтому многие эти компании сегодня оказались среди лидеров роста: «Татнефть» (ао +3,73%, ап +3,25%), ""Газпром нефть» (+2,2%),  «Сургутнефтегаз» (ао +1,60%) и «ЛУКОЙЛ (+1,59%), «РуссНефть» (+1,9%). Помимо этого росту акций нефтяного сектора способствовала позитивная динамика котировок «черного золота»
Среди лидеров роста отметились также бумаги «Распадской» (+2,58%), «Русагро» (+2,31%), МТС (+2,3%) и «Юнипро» (+1,85%), «Совкомфлота» (+2,1%).
Среди обсуждаемых новостей во вторник был «Яндекс» (+0,4%), который сообщил о запуске приложения для бронирования отелей с кешбэком и поиска авиабилетов. Сегодня стало известно, что правкомиссия согласовала покупку «Яндексом» доли Uber в их совместном предприятии MLU. Условия сделки предполагают дисконт не менее 50% к оценке пакета.
В топе лидеров падения было много компаний горно-металлургического сектора – именно они попадут под платежи в пользу бюджета: «Северсталь» (-0,7%), «Норникель» (-0,65%),«Полюс» (-1,12%). Также хуже рынка торговались бумаги «Магнита», (-1,40%), Ozon (-1,05%), VK (-0,76%), «Аэрофлота» (-0,56%).
Московская биржа 17 марта проведет ребалансировку индексов акций. Торговая площадка сообщила, что в базу расчета индекса МосБиржи войдут расписки «Русагро» вместо акций «Детского мира», которые будут исключены. Также в базу индекса широкого рынка добавятся бумаги ДЭК, ИСКЧ, ТГК-2 и Whoosh. Кроме того биржа сообщила, что на прошлой неделе, в составе индекса МосБиржи незначительно увеличится вес акций «Газпрома» и «ЛУКОЙЛа», но уменьшится, например, вес обыкновенных акций «Сбербанка».
Нефтяные котировки продолжают движение в узком «боковике», в течение дня они корректровались вверх. В моменте за Brent дают $83,74 за баррель (+2,07%), «бочка» Light торгуется по $77,51(+2,42%). 
Рубль, поддерживаемый налоговым периодом, большую часть дня укреплялся к основным валютам, однако вечером сила рубля снизилась. К закрытию торгов доллар на Мосбирже вырос на 0,49% - до 74,97 рублей, евро на 0,2% - до 79,45 рубля, юань укрепился на 0,65% - до 10,78 рубля. 
На глобальных площадках во вторник преобладают «медвежьи» настроения. Европейские биржи завершили торги в минусе. Потребительская инфляции во Франции в феврале ускорилась до 6,2% год к году, что несколько ухудшает перспективы денежно-кредитной политики сигнал.
Ведущие фондовые площадки США с открытия торгов торгуются смешанно, консолидируясь перед началом нового месяца. Согласно данным статистики, PMI в Чикаго в феврале упал второй месяц подряд до 43,6 с январских 44,3 пункта. Эксперты прогнозировали рост до 45 пунктов. Дефицит торгового баланса США по товарам, согласно предварительным данным, увеличился до $91,5 млрд в январе с пересмотренного показателя декабря в $89,7 млрд. 
"	https://www.finam.ru/publications/item/rossiyskiy-rynok-prodolzhil-zelenet-v-otsutstvie-novogo-negativa-20230228-2101/?utm_source=rss&utm_medium=new_compaigns&news_to_finamb=new_compaigns	Tue, 28 Feb 2023 21:01:29 +0300
545	Минфин и ЦБ РФ прорабатывают проект указа об обязательном выпуске замещающих облигаций для евробондов	"
Минфин России и ЦБ РФ прорабатывают проект указа президента Владимира Путина о том, чтобы сделать обязательным для российских эмитентов выпуск замещающих локальных облигаций вместо евробондов, размещенных по международному праву, заявил директор департамента по финансовой политике Минфина Иван Чебесков, выступая на форуме «Финансовая система России: инструменты обеспечения устойчивого развития экономики» .
«Это было предложение Андрея Леонидовича (главы ВТБ – ред. Finam.ru) президенту сделать обязательным выпуск замещающих облигаций в рамках обслуживания внешнего долга. Такой проект указа сейчас Минфином, центральным банком прорабатывается. Есть, конечно, там вопросы, и некоторые эмитенты считают, что должны быть исключения из этого, но в целом, это идет как раз по линии того, что такие механизмы нужны, чтобы у нас, если это деньги российских инвесторов, то они должны быть в Российской Федерации, в российской инфраструктуре. Это обезопасит и инвестора, и эмитента, и даст больше ликвидности», - подчеркнул Чебесков.
"	https://www.finam.ru/publications/item/minfin-i-tsb-rf-prorabatyvayut-proekt-ukaza-ob-obyazatelnom-vypuske-zameshchayushchikh-obligatsiy-dlya-evrobondov-20230228-1738/?utm_source=rss&utm_medium=new_compaigns&news_to_finamb=new_compaigns	Tue, 28 Feb 2023 17:38:01 +0300
549	Глава ВТБ озвучил 7 ключевых направлений развития финансового рынка России	"
Сложнейший для российской экономики 2022 год поставил перед финансовым рынком новые задачи по долгосрочному развитию в изменившихся реалиях. Это развитие предусматривает и новую роль банков – они призваны стать ключевыми агентами финансирования российской экономики и проектов ее трансформации. Об этом на Финансовом форуме РСПП заявил президент – председатель правления ВТБ Андрей Костин, слова которого приводит пресс-служба ВТБ.
При этом Андрей Костин перечислил ключевые направления развития финансового рынка:
- Необходимо продолжать развивать институт госгарантий. Банковское кредитование должно основываться на ключевых условиях: возвратности, срочности, платности.
- Инвестиции средств ФНБ должны осуществляться на возвратной основе. Это обеспечит максимальную отдачу от их использования.
- Требуется развитие механизмов привлечения частных инвестиций в экономику. Например, создание инструмента безотзывных депозитов (такие намерения есть у Минфина и ЦБ), кастомизация линейки депозитов для конкретных групп населения. В частности, предлагается рассмотреть запуск софинансируемых государством «детских депозитов». При рождении ребенка государство могло бы вносить определенную сумму на открытый на имя ребенка депозит и в дальнейшем пополнять его наряду с родителями.
- Один из ключевых вызовов – организация достаточно открытой работы финансовых рынков. Важно создавать новые механизмы доступа российских инвесторов на дружественные рынки и, наоборот, стимулировать присутствие на отечественном рынке «дружественных» инвесторов и финансовых институтов, тем более что многие партнеры высказывают такое желание.
- Значимый элемент перехода российской экономики в новую нормальность – это завершение разворота на восток и юг. Здесь есть вопрос несбалансированности торговых потоков, эту задачу можно решить, размещая профициты ликвидности в реальные активы в странах-партнерах. Можно предусмотреть и более сложные механизмы. Например, организацию выпуска облигаций дружественных стран на российском рынке. Иностранное присутствие на финансовом рынке поможет частично решить проблему размещения торговых профицитов, создаст дополнительный источник длинных денег в экономике, а также улучшит денежно-кредитные условия, повысив объем доступной ликвидности.
- Для того, чтобы новые направления торговых связей были устойчивыми, необходимо обеспечить инфраструктуру в области расчетов и платежей. Нужны дальнейшие шаги банков и регуляторов в сторону ускоренной диверсификации валют, используемых для платежей, накоплений, инвестирования.
- Наконец, важный аспект экономического развития – цифровизация. Если раньше она подразумевала в основном удобство и снижение издержек, то минувший год продемонстрировал, что без развития цифровых компетенций, собственных технологических решений невозможно обеспечить экономический суверенитет государства.
 «Повысить экономический суверенитет, снизить уязвимость к санкционным посягательствам позволит государствам переход к цифровым валютам. Россия – в числе мировых лидеров с точки зрения создания национальной цифровой валюты. ВТБ активно участвует в этой работе. В апреле предстоит важнейший этап – ЦБ начнет тестировать работу с цифровым рублем на реальных клиентах банков. В ближайшее время ВТБ начнет тестировать операции с цифровым рублем среди своих сотрудников», – рассказал глава ВТБ Андрей Костин.
 Он обратил внимание, что переход экономики к состоянию «новой нормальности» требует партнерского взаимодействия государства и бизнеса. «Развитие финансового рынка, создание условий для более широкого использования национальных валют, свободных и удобных расчетов и платежей между юрисдикциями, цифровое развитие – необходимые факторы для устойчивого функционирования нашей российской экономики в дальнейшем», – заключил глава ВТБ.
"	https://www.finam.ru/publications/item/glava-vtb-ozvuchil-7-klyuchevykh-napravleniy-razvitiya-finansovogo-rynka-rossii-20230228-1648/?utm_source=rss&utm_medium=new_compaigns&news_to_finamb=new_compaigns	Tue, 28 Feb 2023 16:48:15 +0300
554	Темпы роста ВВП России в этом году будут близки к нулевым – Костин	"
МОСКВА, 28 фев - РИА Новости/Прайм. Темпы роста ВВП в России в этом году будут близки к нулевым - показатель сложно назвать и оптимальным, и катастрофичным, заявил глава ВТБ Андрей Костин, выступая на форуме ""Финансовая система России: инструменты обеспечения устойчивого развития экономики"".
""Экономика выстояла и продолжает работать. Год назад многие из нас увились бы, узнав, что в условиях беспрецедентных санкций падение российского ВВП за год составит лишь около 2,1%, а курс рубля практически не изменится. В этом году, по нашим оценкам, темпы роста будут близки к нулевым, что, конечно, не оптимально, но и никак не катастрофа"", - сказал Костин.
Прогноз Минэкономразвития на 2023-2025 годы предполагает снижение ВВП РФ в текущем году на 0,8%, замедление инфляции до 5,5% (с 11,9% в 2022 году). При этом не так давно министр экономического развития Максим Решетников говорил, что текущие оценки по динамике экономики России на этот год оптимистичнее прежних. Ожидается, что министерство в апреле представит в правительство обновленные данные макропрогноза на текущий и последующие годы.
"	https://www.finam.ru/publications/item/tempy-rosta-vvp-rossii-v-etom-godu-budut-blizki-k-nulevym---kostin-20230228-1557/?utm_source=rss&utm_medium=new_compaigns&news_to_finamb=new_compaigns	Tue, 28 Feb 2023 15:57:57 +0300
573	Банк России продал юани на 8,9 млрд рублей с расчетами 27 февраля	"
Банк России продал юани на внутреннем рынке в рамках бюджетного правила на 8,9 млрд рублей с расчетами 27 февраля, следует из данных ЦБ РФ.
В период с 7 февраля по 6 марта плановый совокупный объем продажи юаней составляет 160,2 млрд рублей, ежедневный – 8,9 млрд рублей, сообщал Минфин.
"	https://www.finam.ru/publications/item/bank-rossii-prodal-yuani-na-89-mlrd-rubley-s-raschetami-27-yanvarya-20230228-1050/?utm_source=rss&utm_medium=new_compaigns&news_to_finamb=new_compaigns	Tue, 28 Feb 2023 10:50:35 +0300
574	Остатки средств Банка России на корсчетах выросли до 2 414,2 млрд рублей, на депозитах - до 5 358,8 млрд рублей	"
Остатки средств кредитных организаций в Банке России на начало операционного дня 28.02.2023 составили: на корреспондентских счетах (включая остатки средств на ОРЦБ) - 2 414,2 млрд рублей (в том числе по Московскому региону - 2 237,7 млрд рублей); на депозитных счетах - 5 358,8 млрд рублей.
Сальдо операций Банка России с банковским сектором по предоставлению и абсорбированию рублевой ликвидности со сроками исполнения, приходящимися на 28.02.2023, по данным на начало операционного дня, составило 877,0 млрд рублей.
"	https://www.finam.ru/publications/item/ostatki-sredstv-banka-rossii-na-korschetakh-vyrosli-do-2-4142-mlrd-rubley-na-depozitakh---do-5-3588-mlrd-rubley-20230228-1048/?utm_source=rss&utm_medium=new_compaigns&news_to_finamb=new_compaigns	Tue, 28 Feb 2023 10:48:09 +0300
590	Глава минфина США заявила о правовых препятствиях для конфискации активов ЦБ РФ	"
МОСКВА, 27 фев - РИА Новости/Прайм. Министр финансов США Джанет Йеллен заявила о серьезных правовых препятствиях для конфискации 300 миллиардов долларов российских активов, замороженных в результате западных санкций, передает агентство Рейтер.
В понедельник Йеллен прибыла с необъявленным визитом в Киев и сделала там несколько заявлений.
""Йеллен сообщила…, что все еще существуют значительные юридические препятствия для полной конфискации активов российского Центробанка на сумму 300 миллиардов долларов, замороженных в результате санкций"", - говорится в публикации агентства.
Глава минфина также объявила о трансфере 1,25 миллиарда долларов из транша экономической помощи для Киева, общая сумма которого составляет 9,9 миллиарда.
Западные страны после начала спецоперации РФ на Украине ввели в отношении России ряд жестких санкций, в том числе была заморожена примерно половина валютных резервов страны - около 300 миллиардов долларов. В апреле глава ЦБ РФ Эльвира Набиуллина говорила, что российские власти готовят судебные иски для оспаривания заморозки международных резервов страны.
"	https://www.finam.ru/publications/item/glava-minfina-ssha-zayavila-o-pravovykh-prepyatstviyakh-dlya-konfiskatsii-aktivov-tsb-rf-20230227-2030/?utm_source=rss&utm_medium=new_compaigns&news_to_finamb=new_compaigns	Mon, 27 Feb 2023 20:30:46 +0300
602	Мосбиржа расширила возможности на рынке стандартизированных производных финансовых инструментов	"
С 27 февраля 2023 года Московская биржа предоставила участникам торгов дополнительные возможности по управлению портфелями на рынке стандартизированных производных финансовых инструментов (СПФИ).
Согласно сообщению торговой площадки, максимальный срок заключения сделок с валютными свопами (FX Swap), а также поставочными и расчетными валютными форвардами (FX Fwd, FX NDF) с валютной парой ""китайский юань – российский рубль"" увеличивается до пяти лет. Ранее участники могли заключать сделки с указанными инструментами на срок не более одного года.
""Удлинение сроков сделок своп и форвард с валютной парой ""китайский юань – российский рубль"" позволит участникам российского финансового рынка получить понимание стоимости фондирования в юанях на горизонте более одного года. Это важный фактор, повышающий возможности эффективной балансировки рисков при осуществлении всего спектра операций с китайским юанем: кредитования, привлечения депозитов, хеджирования валютных и процентных рисков"", - прокомментировал Роман Локтионов, директор по внебиржевым деривативам Московской биржи.
Кроме того, как сообщается, у участников рынка СПФИ появилась возможность выбрать способ определения валютного курса для сделок с расчетными валютными форвардами по всем базовым активам – валютному фиксингу Московской биржи или курсу Банка России. Курс Банка России в сделках с расчетными валютными форвардами доступен для всех рублевых валютных пар.

"	https://www.finam.ru/publications/item/mosbirzha-rasshirila-vozmozhnosti-na-rynke-standartizirovannykh-proizvodnykh-finansovykh-instrumentov-20230227-1616/?utm_source=rss&utm_medium=new_compaigns&news_to_finamb=new_compaigns	Mon, 27 Feb 2023 16:16:52 +0300
608	Российский рынок выкупил пятничную просадку	"
Российский фондовый рынок в понедельник, 27 февраля, после негативного открытия достаточно быстро вернулся к покупкам, в очередной раз продемонстрировав устойчивость к ставшим привычными санкционным новостям. В отдельных пострадавших от новых ограничений бумагах продолжается «медвежья» динамика, но эксперты полагают, что она будет не очень продолжительной, поскольку по большей части тема санкций была ожидаемой и уже заложена в стоимость бумаг.
В середине дня, в 14:25 мск, индекс МосБиржи прибавляет 0,65% до 2222,65 пункта, РТС растет на 1,96% и торгуется на отметке 932,09 пункта.

С самого утра бодро растут угольщики «Мечел» (ап +3,89%, ао +2,34%) и «Распадская» (+2,19%) на новостях о кратном росте экспорта в Китай с начала года.
Также среди лидеров роста бумаги «МосБиржи» (+2,66%), НЛМК (+2,65%), «РуссНефти» (+2,28%), «Сбербанка» (+1,81%), «НОВАТЭКа» (/+1,32%), «Сегежи» (+1,87%), «Самолета» (+1,84%).
Акции «НОВАТЭКа» реагируют на сообщения о планах компании запустить в 2023 году перевалочные терминалы в Мурманске и на Камчатке. Использование плавучих хранилищ позволит эмитенту оптимизировать логистику и вывозить весь СПГ со своих арктических проектов даже в случае задержки с получением новых СПГ-танкеров.
Из 40 ликвидных бумаг, входящих в индекс МосБиржи в плюсе в моменте торгуются 24 акции и 16 в минусе.
Сильнее всех реагируют на санкции расписки  TCS-(-4,77%). Однако и в этих бумагах уже идет процесс восстановления, поскольку утром провал в бумагах доходил до 13%. О санкциях ЕС стало известно в субботу, а в пятницу акции были фаворитом дня, поскольку 24 февраля их не оказалось в санкционном списке Великобритании и США. Сообщается, что к настоящему моменту «Тинькофф» приостановил все операции с иностранными ценными бумагами через СПБ Биржу. Мосбиржа утром приостановила торги БПИФов «Тинькофф Капитала». Брокер уже переводит активы клиентов в неподсанкционную компанию. По мнению главного аналитика ИФК ""Солид"" Дмитрия Донецкого, ничего страшного для ТКС не произошло, банк и его клиенты смогут легко адаптироваться к текущим ограничениям в течение месяца. Эксперт полагает, что санкции окажут лишь ограниченное действие на комиссионный доход ТКС Групп.
Хуже рынка в начале недели выглядят также расписки HH (-1,35%), «Русагро» (-1,08%), «Эталона» (-0,9%), «Глобалтранса» (-0,82%), Х5 (-0,82%), «Яндекса» (-0,76%).
В понедельник фондовая биржа Казахстана сообщила, что с 15 марта 2023 года из официального списка KASE будут исключены простые акции Yandex N.V. (Королевство Нидерландов). Торги ими проходили с 5 августа 2019 года.

Котировки нефти в понедельник ушли ниже $83за баррель Brent. В моменте фьючерс на сорт Brent в минусе на 0,21% до $82,65 за баррель, контракт на марку Light снижается на 0,1%, торгуясь на $76,24 за ""бочку"".  Как отмечает аналитик ФГ «Финам» Александр Потавин, новостной фон вокруг рынка энергоносителей сейчас разнополярный. То есть позитивные и негативные для цен события примерно компенсируют друг друга. Поэтому котировки Brent в ближайшее время продолжат консолидацию возле средних уровней последних недель в диапазоне $78-88/баррелей.
Рубль на Мосбирже после провала в пятницу продолжил слабеть в понедельник, отыгрывая историю с санкциями - в утренние часы доллар поднимался до 76,49 рубля, обновив пятничный максимум. Однако днем ситуация изменилась и российская валюта перешла к укреплению. В моменте доллар на валютном рынке Мосбиржи дешевеет на 1,32- до 75,12 рубля, евро слабеет на 1,35% - до 79,30 рубля, юань в минусе на 1,79% - до 10,76 рубля.
По мнению эксперта ИК «Велес Капитал» Юрия Кравченко, основную помощь российской валюте оказали налоговые платежи. Он напомнил, что с переходом на единый налоговый платеж (ЕНП) основная часть налогов теперь уплачивается 28-го числа, то есть в феврале — в самом конце месяце. Эксперт ожидает, что на пике налоговых выплат рубль может попытаться вернуть уровень 75 за доллар. Однако после исчерпания эффекта от налогового фактора давление на российскую валюту, вероятно, восстановится в прежнем объеме.
Что касается глобальных торговых настроений, то они в начале недели смешанные. Так, Азия завершила торги понедельника снижением. Ведущие европейские индексы напротив подрастают в понедельник. На этой неделе в Европе опубликуют протоколы последнего заседания. Также ожидается  публикация предварительных оценок потребительской инфляции Германии и еврозоны за февраль и окончательные данные по деловой активности в секторах производства и услуг.
Фьючерсы на ведущие американские индексы перед открытием торгов за океаном слабо подрастают. Инвесторы ждут сегодня публикацию данных по заказам на товары длительного пользования США в январе и данных индекса незавершенных сделок по продаже домов США в январе.
"	https://www.finam.ru/publications/item/rossiyskiy-rynok-vykupil-pyatnichnuyu-prosadku-20230227-1427/?utm_source=rss&utm_medium=new_compaigns&news_to_finamb=new_compaigns	Mon, 27 Feb 2023 14:27:13 +0300
625	Банк России продал юани на 9 млрд рублей с расчетами 22 февраля	"
Банк России продал юани на внутреннем рынке в рамках бюджетного правила на 9 млрд рублей с расчетами 22 февраля, следует из данных ЦБ РФ. Операции в рамках бюджетного правила проводятся в валютной секции Московской биржи в инструменте «китайский юань – рубль» со сроком расчетов «завтра».
В период с 7 февраля по 6 марта плановый совокупный объем продажи юаней составляет 160,2 млрд рублей, ежедневный – 8,9 млрд рублей, сообщал Минфин.
"	https://www.finam.ru/publications/item/bank-rossii-prodal-yuani-na-9-mlrd-rubley-s-raschetami-22-fevralya-20230227-1050/?utm_source=rss&utm_medium=new_compaigns&news_to_finamb=new_compaigns	Mon, 27 Feb 2023 10:50:13 +0300
626	Остатки средств Банка России на корсчетах выросли до 2 331,3 млрд рублей, на депозитах - до 5 275,9 млрд рублей	"
Остатки средств кредитных организаций в Банке России на начало операционного дня 27.02.2023 составили: на корреспондентских счетах (включая остатки средств на ОРЦБ) – 2 331,3 млрд рублей (в том числе по Московскому региону – 2 162,2 млрд рублей); на депозитных счетах - 5 275,9 млрд рублей.
Сальдо операций Банка России с банковским сектором по предоставлению и абсорбированию рублевой ликвидности со сроками исполнения, приходящимися на 27.02.2023, по данным на начало операционного дня, составило 1 294,6 млрд рублей.
"	https://www.finam.ru/publications/item/ostatki-sredstv-banka-rossii-na-korschetakh-vyrosli-do-2-3313-mlrd-rubley-na-depozitakh---do-5-2759-mlrd-rubley-20230227-1021/?utm_source=rss&utm_medium=new_compaigns&news_to_finamb=new_compaigns	Mon, 27 Feb 2023 10:21:39 +0300
627	Мосбиржа начинает торги фьючерсами на турецкую лиру и гонконгский доллар	"
1 марта 2023 года на срочном рынке Московской биржи начинаются торги расчетными фьючерсными контрактами на валютные пары «турецкая лира – российский рубль» и «гонконгский доллар – российский рубль». Об этом сообщила торговая площадка.
Запуск новых контрактов обусловлен ростом интереса клиентов к торгам гонконгским долларом и турецкой лирой на валютном рынке Московской биржи.
Новые инструменты ориентированы на самый широкий круг клиентов и будут интересны как институциональным инвесторам, так и физическим лицам.
Параметры новых инструментов:
Фьючерсный контракт на курс «турецкая лира – российский рубль»:

торговый код – TRY;
лот – 1000 турецких лир;
минимальный шаг цены – 0,001 российского рубля;
стоимость минимального шага цены – 1 рубль;
цена исполнения контракта – значение валютного фиксинга на курс «турецкая лира – российский рубль», рассчитываемого Московской биржей (TRYFIXME).

Фьючерсный контракт на курс «гонконгский доллар – российский рубль»:

торговый код – HKD;
лот – 1000 гонконгских долларов;
минимальный шаг цены – 0,001 российского рубля;
стоимость минимального шага цены – 1 рубль;
цена исполнения контракта – значение валютного фиксинга на курс «гонконгский доллар – российский рубль», рассчитываемого Московской биржей (HKDFIXME).

Участникам рынка и их клиентам будут доступны контракты с исполнением в июне, сентябре и декабре 2023 года и марте 2024 года.
"	https://www.finam.ru/publications/item/mosbirzha-nachinaet-torgi-fyuchersami-na-turetskuyu-liru-i-gonkongskiy-dollar-20230227-1015/?utm_source=rss&utm_medium=new_compaigns&news_to_finamb=new_compaigns	Mon, 27 Feb 2023 10:15:22 +0300
632	Российский рынок будет отыгрывать новые пакеты санкций	"
В понедельник, 27 февраля, перед открытием торгов на российском фондовом рынке складывается умеренно негативный внешний фон.
Фьючерсы на американский индекс S&P 500 к текущему времени пребывают в плюсе на 0,06%, нефть незначительно дешевеет, тогда как на азиатских рынках преобладают пессимистичные настроения вслед за биржами США, где в пятницу индекс Dow Jones упал на 1,02%, S&P 500 -  на 1,05%, а Nasdaq Composite – на 1,69% ввиду разочаровывающей статистики, которая продемонстрировала сохранение высокого уровня инфляции в стране.
Фьючерсы на основные бенчмарки рынка РФ демонстрируют к текущему времени положительную динамику. MIX подрастает на 0,07%, а RTS повышается на 0,71%.
В минувшую пятницу торги в России проходили на слабых объемах. Инвесторы следили за очередными пакетами санкций и не спешили рисковать. Индекс МосБиржи по итогам основной сессии опустился на 0,2% до отметки 2208,03 пункта, а долларовый индекс РТС ослаб на 1,64%, закрывшись на уровне 914,16 пункта.
Из важных событий в России на сегодня стоит отметить публикацию финрезультатов Fix Price за 4 квартал и 12 месяцев 2022 года, а также заседания советов директоров «Газпром нефти», «Россети Ленэнерго» и «Россети Сибирь». Не исключено, что участники торгов будут отыгрывать известия о введении 10-ого пакета санкций ЕС против России. Под санкциями ЕС теперь находятся 1473 физлица и 205 организаций, при этом в рамках нового пакета антироссийских санкций под ограничения попали «Росбанк», «Альфа-Банк», банк «Тинькофф», а также Фонд Национального Благосостояния.
По мнению Виталия Манжоса, старшего риск-менеджера ИК «Алго Капитал», сочетание ряда факторов создает условия для открытия индекса МосБиржи со сдержанным отклонением. «Позднее наиболее вероятен сценарий его перехода в состояние волатильной консолидации. Участники локальных торгов будут отыгрывать ожидавшуюся субботнюю новость по поводу введения в действие очередного пакета антироссийских санкций со стороны ЕС», - отмечает эксперт.
Во второй половине дня сильное влияние на ход торгов в России способны оказать лишь важные внешнеполитические или корпоративные новости. Значимые для локального рынка акций иностранные статистические показатели сегодня публиковаться не будут.
Как отмечалось выше, на торгах в Азии сегодня преобладают продажи. Японский индекс Nikkei 225 уменьшился на 0,05%, австралийский S&P/ASX200 ушел в минус на 1,12%, южнокорейский KOSPI снижается на 0,97%, тогда как китайский CSI 300 и  гонконгский Hang Seng отступают на 0,4% и 0,74% соответственно.
Стоимость нефти с утра снижается ввиду склонности инвесторов к уходу от рисков. Опасения в отношении рецессии на фоне ожидаемого дальнейшего увеличения ключевой ставки со стороны ФРС США отражаются на перспективах нефтяного спроса и давят на котировки «черного золота». К 09:17 мск стоимость фьючерсов на нефть марки Brent с поставкой в апреле снижается на 0,55% до отметки в $82,7 за баррель, а Light - на 0,51% до уровня в $75,93 за баррель.
Пара евро/доллар на утренних торгах находится вблизи отметки 1,055 (+0,02%). Американский доллар на MOEX стоит к текущему времени 75,62 рубля (-0,67%), а юань – 10,88 рубля (-0,82%).
Как отмечает руководитель направления инвестиционного консультирования «АЛОР БРОКЕР» Алексей Антонов, курс рубля в пятницу сильно упал, уходя выше 76 рублей за доллар, что во многом было вызвано покупкой валюты в преддверии выходных в совокупности с крайне низкой активностью экспортеров. Пара доллар-рубль, по мнению эксперта, технически сильно перекуплена, в связи с чем следует ожидать ее отката как минимум ниже 75.

"	https://www.finam.ru/publications/item/rossiyskiy-rynok-budet-otygryvat-novye-pakety-sanktsiy-20230227-0922/?utm_source=rss&utm_medium=new_compaigns&news_to_finamb=new_compaigns	Mon, 27 Feb 2023 09:22:06 +0300
644	Иркутская область получит 240 млн руб на развитие туризма	"ИРКУТСК, 25 фев – РИА Новости. Иркутская область получит в рамках нацпроекта ""Туризм и индустрия гостеприимства"" 240 миллионов рублей на развитие событийного туризма и обустройство в регионе туристического центра, сообщил журналистам в субботу министр экономического развития РФ Максим Решетников.
Решетников находится в Иркутской области с рабочим визитом. Вместе с губернатором Иркутской области Игорем Кобзевым он посетил город Байкальск, где осмотрел горнолыжный комплекс ""Гора Соболиная"", туристические объекты и встретился с резидентами особой экономической зоны туристско-рекреационного типа ""Ворота Байкала"". После поездки в Байкальск в правительстве региона состоялось совещание по вопросам социально-экономического развития.
""Прорабатываем совместно с бизнесом и регионами вопрос того, чтобы приоритетными территориями для субсидирования строительства модульных гостиниц и льготного кредитования стали ОЭЗ туристско-рекреационного типа… В течение месяца доведем до Иркутской области 240 миллиона рублей на обустройство туристического центра, проведение событийных мероприятий"", - сказал Решетников.
Основная часть этой суммы - вознаграждение за победу в федеральном конкурсе на реализацию в Иркутске концепции ""Код города"".
Министр также отметил, что в этом году будут обновлены правила субсидирования строительства быстровозводимых модульных гостиниц и льготного кредитования строительства отелей под 3-5% в рамках нацпроекта ""Туризм и индустрия гостеприимства"". В конкурсных отборах планируется присваивать дополнительные баллы проектам в особых экономических зонах туристско-рекреационного типа.
В 2022 году из резервного фонда правительства РФ регионам было выделено 4 миллиарда рублей на строительство модульных отелей. В их число вошла Иркутская область. Сегодня часть отелей в Прибайкалье уже построена, другие - в высокой степени готовности."	https://www.finam.ru/publications/item/irkutskaya-oblast-poluchit-240-mln-rub-na-razvitie-turizma-20230225-1638/?utm_source=rss&utm_medium=new_compaigns&news_to_finamb=new_compaigns	Sat, 25 Feb 2023 16:38:53 +0300
648	Подрыв «Севпотоков» может иметь не соответствующий желаниям США эффект на НАТО	"МОСКВА, 25 фев - РИА Новости. Подрыв ""Северных потоков"" может иметь эффект, противоположный стремлению президента США Джо Байдена сохранить единство НАТО, считает американский журналист, лауреат Пулитцеровской премии Сеймур Херш.
По мнению Херша, Байден начал нечто такое, чего не понимает.
""Вопрос теперь заключается в том, какая страна первой выйдет из НАТО?"" - спросил журналист в интервью порталу Western Standard.
Сеймур Херш 8 февраля опубликовал свое расследование взрывов на ""Северных потоках"", в котором со ссылкой на источник заявил, что взрывные устройства под российскими газопроводами заложили в июне 2022 года под прикрытием учений Baltops водолазы ВМС США при поддержке норвежских специалистов. По сведениям Херша, решение о проведении операции принимал Байден по итогам девяти месяцев обсуждений с представителями администрации, занимающимися вопросами нацбезопасности.
Взрывы произошли 26 сентября 2022 года сразу на двух российских экспортных газопроводах в Европу - ""Северном потоке"" и ""Северном потоке 2"". Германия, Дания и Швеция не исключили целенаправленной диверсии. Оператор ""Северного потока"" Nord Stream AG сообщал, что ЧП на газопроводах беспрецедентны и сроки ремонта оценить невозможно.
Генпрокуратура России инициировала дело об акте международного терроризма. Президент РФ Владимир Путин 31 октября сообщал, что ""Газпром"" был допущен к обследованию места подрыва и глава компании Алексей Миллер доложил ему об обследовании. Путин заявил, что взрыв на газопроводе - очевидный теракт.
 "	https://www.finam.ru/publications/item/podryv-sevpotokov-mozhet-imet-ne-sootvetstvuyushchiy-zhelaniyam-ssha-effekt-na-nato-20230225-0912/?utm_source=rss&utm_medium=new_compaigns&news_to_finamb=new_compaigns	Sat, 25 Feb 2023 09:12:46 +0300
651	Рубль ослаб, российский рынок снизился на санкционной теме	"
Торговая сессия российского рынка в пятницу, 24 февраля, как и ожидалось прошла на крайне низких торговых оборотах – большинство участников рынка предпочло оказаться вне игры и продолжило отдыхать. По итогам дня индекс МосБиржи снизился на 0,2% до 2208,03 пункта, РТС упал на 1,64% остановившись на отметке 914,16 пункта. Что касается недельных итогов, то неделя оказалась удачной для рублевого индикатора, который вырос на за четыре торговых дня на 1,81%, а долларовый же РТС опустился на 0,66%.

По случаю объявленных в стране выходных корпоративных новостей не публиковалось, но геополитический событийный фон оказался очень информативным, хотя и не шокирующим. Как и ожидалось лейтмотивом дня стала годовщина СВО России на Украине.
Утром стало известно, что Генассамблея ООН приняла резолюцию, призывающую Россию вывести войска из Украины, за которую проголосовала 141 страна, против - 7 и еще 32 делегации воздержались. 
Китай представил план по урегулированию конфликта на Украине из 12 пунктов. 
Страны Запада как и обещали объявили о новых санкциях. 
Так, первой расширила ограничения против РФ Великобритания. В ее список попали ""Банк Санкт-Петербург"", ""Уралсиб"", ""Банк Зенит"", ""МТС-Банк"". В целом санкции коснулись 92 физических и юридических лиц, в том числе связанные с Росатомом, Газпромом, Ростехом, Аэрофлотом.
Следующими выступили США, сообщившие в пресс-релизе о вводе новых ограничений против энергетического, добывающего, финансового, оборонного и промышленного секторов России. Совместно с партнерами по G7 США ввели санкций в отношении более чем 200 физических и юридических лиц, как российских, так и третьих стран в Европе, Азии и на Ближнем Востоке. В пресс-релизе сообщалось также, что министерство торговли США предпримет меры по экспортному контролю, включив почти 90 компаний из РФ и третьих стран, в том числе из Китая, в санкционный список. Помимо того, США пообещали повысить пошлины на более чем 100 видов российских металлов, минералов и химической продукции на сумму $2,8 млрд. Чуть позже Белый дом опубликовал сообщение о вводе с 10 марта 200%-ной пошлины на импорт алюминия и алюминиевых продуктов из России. Минфин США вечером опубликовал санкционный список, куда вошли среди прочих, «Московский кредитный банк», «Банк Санкт-Петербург», «МТС Банк», «Уралсиб», «Зенит», «Металлинвестбанк» и другие. 
Европейские СМИ со ссылкой на посла Польши при ЕС Анджея Садося, сообщили, что Евросоюз достиг политического соглашения об эмбарго на импорт алмазов из России.
По итогам дня из 40 ликвидных акций, входящих в основной состав индекса МосБиржи, 21 бумага закрылась в минусе и 18 – в плюсе. 

В результате санкционных новостей в числе аутсайдеров оказались бумаги «Банка Санкт-Петербург» (-5,22%), «РУСАЛа» (-2,04%), ММК (-1,17%), НМТП (-1,09%), НЛМК (-1,09), «Газпром нефти» (-1,04%), «АЛРОСА» (-0,97%), ВТБ (-0,89%), «Норникеля» (-0,86%).
Что касается акций «РУСАЛа», то по мнению финансиста Евгения Когана, текущее снижение котировок носит скорее эмоциональный характер. «Для основного и единственного производителя алюминия в РФ «РУСАЛа» ввод санкций со стороны США не критичен. Доля выручки от поставок в Штаты в 2021 гожу - 5-6%. Не исключаем, что на сегодняшний день она еще больше снизилась. Полагаем, что компания диверсифицировала риски. Вполне возможно, что «РУСАЛ» уже переориентировал эти объемы на другие рынки», - комментирует эксперт.

Фаворитом дня стали расписки TCS (+6,88%), которого не оказалось в итоговом санкционном списке США, хотя СМИ сообщали о вероятности включения банка.
Лучше рынка торговались бумаги «РуссНефти» (+2,79%), «Озона» (+2,43%), «Мосбиржи» (+1,43%), «Распадской» (+1,35%), «Эталона» (+1,29%), «Белуги» (+1,12%), VK (+1,07%).
Нефтяные котировки, снижавшиеся в течение торговой сессии, после закрытия рынка РФ начали коррекцию вверх. В моменте за Brent дают $82,46 за баррель (+0,3%), «бочка» Light торгуется по $75,61(+0,29%). Накануне отчет Минэнерго вновь показал существенный рост запасов сырой нефти на 7,648 млн баррелей, вместо прогнозируемого роста на 2,083 млн баррелей, при том что неделей ранее запасы выросли на 16,283 млн барреля.
Рубль сегодня в первой половине дня предпринял неудачную попытку укрепления к основным валютам, но санкционные новости в середине дня вывели его на многомесячные максимумы – рубль торговался по 76 за доллар, 80 за евро и 11 за юань. К закрытию торгов доллар на Мосбирже вырос на 1,47% - до 76,1 рублей, евро на 1,23% - до 80,38 рубля, юань укрепился на 0,48% - до 10,96 рубля. 
На глобальных площадках в пятницу фиксируются «медвежьи» настроения. Китайские площадки закрыли снижением четвертую неделю подряд. Из азиатских индексов лишь японский Nikkei вырос на 1,29%, поскольку глава ЦБ сохраняет приверженность политике низких ставок, несмотря на ускорение инфляции в стране.
Европейские биржи провели пятничные торги в умеренно «красном поле». Опубликованные днем в Германии данные по квартальному ВВП оказались хуже прогнозов. Экономика страны снизилась в 4 квартале на 0,4% по сравнению с 3 кварталом и выросла лишь на 0,3% год к году. При этом Индекс потребительского климата Германии (Gfk) в марте оказался на уровне -30,5 пункта (ожидалось -30,4 пункта).
Ведущие фондовые площадки США с открытия торгов существенно снижаются на 1,4-2,2%. По всей видимости, инвесторы негативно реагируют на вышедшую в пятницу статистику согласно которой доходы населения страны в январе выросли на 0,6% по сравнению с декабрем, а потребительские расходы увеличились на 1,8%. При том, что эксперты ожидали роста доходов на 1% и роста расходов на 1,3%.
Индекс потребительских настроений Мичиганского университета, отражающий степень доверия домохозяйств к экономике США в феврале подрос до 67 пунктов, хотя ожидалось 66,4 пункта, в январе показатель был на уровне 64,9 пункта. В то же время продажи новых домов в США в январе увеличились на 7,2%, до 670 тысяч, хотя прогнозировался рост показателя лишь до 620 тысяч.
"	https://www.finam.ru/publications/item/rubl-oslab-rossiyskiy-rynok-snizilsya-na-sanktsionnoy-teme-20230224-1939/?utm_source=rss&utm_medium=new_compaigns&news_to_finamb=new_compaigns	Fri, 24 Feb 2023 19:39:14 +0300
656	Рынок проваливается под давлением санкций	"
Российские индексы в пятницу, 24 февраля, оказались под давлением санкций. Индекс МосБиржи снижается на 0,14% до 2209,33 пункта, долларовый РТС - в минусе на 1,42%, торгуется у отметки в 915,8 пункта.
В лидерах снижения – акции Банка «Санкт-Петербург» (-2,44%). Великобритания сегодня утром объявила о новых санкциях, которые затронули четыре российских банка, в их числе – Банк «Санкт-Петербург», «Уралсиб» (-4%), «Зенит», «МТС Банк».
В целом новые ограничения Лондона коснулись 92 физических и юридических лиц, а также предполагают запрет на экспорт в Россию товаров, которые могут использоваться российским военно-промышленным комплексом.
Также значительно теряют в цене акции «АЛРОСА» (-1,74%). Ранее «РИА Новости» со ссылкой на заявление посла Польши сообщили, что Европейский союз достиг политического соглашения об эмбарго на импорт алмазов из России.
Кроме того, в аутсайдерах торгов к 14:11 мск – «префы» «Мечела» (-0,73%), бумаги «Норникеля» (-0,71%), «Газпромнефти» (-0,68%), «РУСАЛа» (-0,67%).
В лидерах роста – акции «ДЭК» (+6,22%), расписки TCS Group (+4,70%). Позитив в бумагах последнего вызван непопаданием банка под санкции Великобритании.
Значительный рост демонстрируют бумаги «Русснефти» (+2,68%), OZON (+2,10%), QIWI (+1,77%).

Курс доллара на Московской бирже после новостей о санкциях США поднялся выше 76 рублей за доллар впервые с 22 апреля 2022 года. Из пресс-релиза Белого дома следует, что Штаты введут новые санкции против энергетического, добывающего, финансового, оборонного и промышленного секторов России уже сегодня.
В 14.18 мск доллар на валютном рынке Мосбиржи дорожает на 1,60% - до 76,198 рубля, евро укрепляется на 1,45% - до 80,55 рубля, юань в плюсе на 0,61% - торгуется на уровне 10,96 рубля.
Нефтяные котировки растут. Баррель Brent дорожает на 0,72% до $82,8, стоимость «бочки» Light поднимается на 0,66% до $75,87. Reuters отмечает, что перспектива снижения экспорта из России компенсировала рост запасов в США и опасения по поводу мировой экономической активности, что и вызвало рост нефтяных цен.
Тем временем европейский индекс STOXX 600, открыв сессию ростом, к текущему времени демонстрирует околонулевую динамику. Фьючерс на американский индекс S&P 500 снижается на 0,53%. По прогнозу Виталия Кононова, аналитика Freedom Finance Global, в ходе предстоящих торгов динамика на американских фондовых площадках будет нейтральной. «Движение котировок будет, в частности, зависеть от релизов статистики», - заключает эксперт.
Сегодня до конца дня выйдет пласт статистики по США – в 16:30 опубликуют данные по базовому ценовому индексу расходов на личное потребление, по доходам и расходам физических лиц, а в 18:00 выйдет статистика по продажам на первичном рынке жилья в США.  
"	https://www.finam.ru/publications/item/rynok-provalivaetsya-pod-davleniem-sanktsiy-20230224-1437/?utm_source=rss&utm_medium=new_compaigns&news_to_finamb=new_compaigns	Fri, 24 Feb 2023 14:34:20 +0300
657	Курс рубля ушел выше 76 за доллар на сообщениях о санкциях США	"Курс доллара на Московской бирже поднялся выше 76 рублей за доллар впервые с 22 апреля 2022 года.

В 14.11 мск доллар на валютном рынке Мосбиржи дорожает на 1,44% - до 76,09 рубля, евро укрепляется на 1,45% - до 80,55 рубля, юань в плюсе на 0,61% - до 10,96 рубля.
Слабость российской валюты усилилась после сообщений о том, что Белый дом раскрыл содержание новых санкций против России , которые планирует ввести совместно с G7. Сообщается, что новые санкции против РФ затронут 200 физических и юридических лиц, а также российские финансовые учреждения. США также планирует повысить пошлины на более чем 100 видов российских металлов, минералов и химической продукции. 

"	https://www.finam.ru/publications/item/kurs-rublya-ushel-vyshe-76-za-dollar-na-soobshcheniyakh-o-sanktsiyakh-ssha-20230224-1404/?utm_source=rss&utm_medium=new_compaigns&news_to_finamb=new_compaigns	Fri, 24 Feb 2023 14:04:56 +0300
689	Российский рынок замер перед выходными, отыграв все важные драйверы недели	"
Текущая короткая неделя для российского рынка оказалась информационно и эмоционально очень насыщенной и волнительной. Однако «момент истины» случился во вторник, когда не оправдались тревожные ожидания инвесторов об объявлении новой волны мобилизации и о мобилизационной экономике. Рыночный курс сохранен, так же как бюджетная и монетарная политика.

Конечно, в условиях, когда СВО продолжается, Запад, поддерживая Украину, готовит новые санкции, разговоры о мирных переговорах не ведутся – в этих условиях тотальной неопределенности можно пока лишь констатировать, что геополитического ухудшения не произошло…пока. Не в этот раз. И на том спасибо. Российский рынок отыграл вчера сполна падение предыдущих нескольких сессий. Сегодня же накануне праздничного в России дня наблюдалась боковая динамика и под вечер участники торгов фиксировали прибыль. В итоге торги на отечественных площадках завершились практически на тех же уровнях, что и начались: индекс МосБиржи остался на отметке 2212,4 пункта, РТС незначительно подрос на 0,05% - до 929,43 пункта.
Рынок в среду уже никак не реагировал на заседания Госдумы и Совета Федерации, которые приняли закон о приостановке участия России в Договоре о мерах по дальнейшему сокращению и ограничению стратегических наступательных вооружений (ДСНВ). Тем временем эксперты оценили стоимость новых социальных мер из послания Путина в 400-500 млрд рублей, что по меркам последних посланий в общем-то немного. К примеру, в 2021 году предложенные меры оценивались в 1,2 трлн рублей, а в 2020-ом и вовсе в 4 трлн рублей, но тогда и с бюджетом было не так все плохо, как сейчас.
Из 40 ликвидных бумаг, входящих в основной состав индекса МосБиржи, 16 закрылись в плюсе и 24 – в минусе. Заметно подросли акции «ФосАгро» (+2,14%), «Северстали» (+1,48%), «Детского мира» (+1,45%), «Глобалтранса» (+1,39%). 
Совет директоров «ФосАгро» 2 марта планирует рассмотреть вопрос о финальных дивидендах за 2022 год. В 2022 году компания уже выплачивала дивиденды за первое полугодие и за 3 квартал. 
Компания МТС (+0,02%) сообщила сегодня о покупке 67% платформы для размещения нативной рекламы Buzzoola.
Существенно просели перед объявлением о новых санкциях расписки ТКС (-1,47%) – уже известно, что банк, скорее всего, окажется в санкционном списке. 
Упали бумаги «Норникеля» (-1,31%), поскольку дивидендные ожидания инвесторов сильно снизились из-за инвестиционных планов компании на ближайшие годы. Прежней щедрости от ГМК уже не ждут. Менеджмент обещает, что решение о дивидендах компания примет до июня 2023 года.
Также хуже рынка торговались бумаги МКБ (-1,2%), «Полюса» (-1,14%), «Системы» (-1,04%), «Полиметалла» (-0,74%).
Акции золотодобытчиков снижаются вслед за золотом, которое в последние дни под давлением ожиданий более агрессивных действий со стороны ФРС США.
Нефтяной рынок снова снижается, торгуясь уже ниже отметки $82 за баррель Brent. В моменте за Brent дают $81,16 за баррель (-2,28%), «бочка» Light торгуется по $74,44(-2,51%).
Рубль сегодня пытался укрепляться к доллару и евро, но пока не очень удачно. Доллар к закрытию торгов на Мосбирже снизился лишь на незначительные 0,06% - до 75 рублей, евро на 0,88% - до 79,4 рубля, юань укрепился на 0,49% - до 10,9 рубля. 
На глобальных площадках в среду выжидательные настроения. Индексы ведущих бирж торгуются вблизи нулевых отметок, в ожидании публикации «минуток» ФРС, которые будут опубликованы в 22 мск и могут пролить свет на позицию регулятора в отношении дальнейшей денежно-кредитной политики.
Европейские биржи завершили торги разнонаправленно. 
Ведущие фондовые площадки США слабо корректируются вверх после вчерашней мощной просадки.
Завтра в связи с национальными праздниками будут закрыты биржи России и Японии. Из важной статистики в еврозоне опубликуют январские данные по инфляции. В США раскроют окончательные данные по ВВП за 4 квартал, данные по числу первичных заявок на получение пособий по безработице, а также будут опубликованы данные Минэнерго США по запасам сырой нефти и нефтепродуктам.
Российские инвесторы вернутся к торгам в пятницу, но скорее всего торговые объемы будут ниже средних. К годовщине СВО западные страны обещают объявить о новых санкций, большинство из них, как считают эксперты, уже в цене российских акций. Так что, скорее всего, крупные участники займут выжидательную позицию до понедельника.
"	https://www.finam.ru/publications/item/rossiyskiy-rynok-zamer-pered-vykhodnymi-otygrav-vse-vazhnye-drayvery-nedeli-20230222-2042/?utm_source=rss&utm_medium=new_compaigns&news_to_finamb=new_compaigns	Wed, 22 Feb 2023 20:42:15 +0300
717	Остатки средств Банка России на корсчетах выросли до 2 087 млрд рублей, на депозитах снизились до 5 807 млрд рублей	"
Остатки средств кредитных организаций в Банке России на начало операционного дня 22.02.2023 составили: на корреспондентских счетах (включая остатки средств на ОРЦБ) – 2 087 млрд рублей (в том числе по Московскому региону – 1 922,1 млрд рублей); на депозитных счетах - 5 807 млрд рублей.
Сальдо операций Банка России с банковским сектором по предоставлению и абсорбированию рублевой ликвидности со сроками исполнения, приходящимися на 22.02.2023, по данным на начало операционного дня, составило 1 576 млрд рублей.
"	https://www.finam.ru/publications/item/ostatki-sredstv-banka-rossii-na-korschetakh-vyrosli-do-2-087-mlrd-rubley-na-depozitakh-snizilis-do-5-807-mlrd-rubley-20230222-1104/?utm_source=rss&utm_medium=new_compaigns&news_to_finamb=new_compaigns	Wed, 22 Feb 2023 10:59:39 +0300
718	Банк России продал юани на 8,9 млрд рублей с расчетами 21 февраля	"
Банк России продал юани на внутреннем рынке в рамках бюджетного правила на 8,9 млрд рублей с расчетами 21 февраля, следует из данных ЦБ РФ. Операции в рамках бюджетного правила проводятся в валютной секции Московской биржи в инструменте «китайский юань – рубль» со сроком расчетов «завтра».
В период с 7 февраля по 6 марта плановый совокупный объем продажи юаней составляет 160,2 млрд рублей, ежедневный – 8,9 млрд рублей, сообщал Минфин.
"	https://www.finam.ru/publications/item/bank-rossii-prodal-yuani-na-89-mlrd-rubley-s-raschetami-21-fevralya-20230222-1052/?utm_source=rss&utm_medium=new_compaigns&news_to_finamb=new_compaigns	Wed, 22 Feb 2023 10:51:47 +0300
726	Негативные ожидания инвесторов не реализовались – рынок откупил просадку	"
Торговая сессия вторника, 21 февраля, завершилась на российском фондовом рынке хорошим ростом. По итогам дня индекс МосБиржи подрос на 1,32% - до отметки 2212,42 пункта, РТС опустился на 0,81% - до 928,98 пункта.

Инвесторы, ожидавшие от Владимира Путина жестких заявлений о новом этапе мобилизации, или мобилизационной экономике, или еще каком-либо «закручивании гаек», этого не услышали. Президент не стал «гладить против шерсти», а напротив, по обыкновению уверил слушателей, что все под контролем – экономика в 2022 году снизилась меньше, чем прогнозировалось «всего» на 2,1%, но власти уже направили на поддержку экономики на фоне санкций более одного триллиона рублей и продолжат помогать бизнесу и населению развивать свою собственную экономику. Кроме того, в послании прозвучало достаточно социально-экономических инициатив, в числе которых: создание фонда помощи участникам СВО, дополнительное повышение МРОТ на 10% с 2024, программа жилищных сертификатов для молодых ученых и льготная аренда для сотрудников ВПК, распространение программы материнского капитала на новые территории, увеличение социального налогового вычета на образование и медицину, расширение программы бесплатной газификации. Участникам фондового рынка важно было услышать, что власти сохраняют текущий рыночный экономический курс и частный бизнес, не планируют кардинально менять монетарную и бюджетную политику. Более того, президент призвал смягчить ответственность за уголовные экономические преступления. Также Путин  подчеркнул важность для страны фондового рынка и призвал принять законы для защиты инвесторов от банкротства посредников. Также он предложил страховать добровольные пенсионные накопления россиян до 2,8 млн рублей.
Будет ли все это реализовано и как – покажет время, но сегодня по отечественному рынку прошла «волна облегчения». Участники рынка не стали обращать внимание на приостановку участия России в договоре о стратегических наступательных вооружениях и поручение Путина Минобороны и Росатому об обеспечении готовности к ядерным испытаниям. И в целом на достаточно категоричную и однозначную позицию по отношению к НАТО.участия России в договоре о стратегических наступательных вооружениях и поручение Путина Минобороны и Ростатому об обеспечении готовности к ядерным испытаниям. И в целом на достаточно категоричную и однозначную позицию по отношени. К НАТОучастия России в договоре о стратегических наступательных вооружениях и поручение Путина Минобороны и Ростатому об обеспечении готовности к ядерным испытаниям. И в целом на достаточно категоричную и однозначную позицию по отношени. К НАТОучастия России в договоре о стратегических наступательных вооружениях и поручение Путина Минобороны и Ростатому об обеспечении готовности к ядерным испытаниям. И в целом на достаточно категоричную и однозначную позицию по отношени. К НАТОучастия России в договоре о стратегических наступательных вооружениях и поручение Путина Минобороны и Росатому об обеспечении готовности к ядерным испытаниям. И в целом на достаточно категоричную и однозначную позицию по отношению к НАТО.участия России в договоре о стратегических наступательных вооружениях и поручение Путина Минобороны и Ростатому об обеспечении готовности к ядерным испытаниям. И в целом на достаточно категоричную и однозначную позицию по отношению к НАТО.
Пока что это лишь вербальные предупреждения о возможных последствиях, но от этого не легче. Понятно лишь, что до каких-либо мирных переговоров пока очень далеко, и все стороны конфликта готовятся к длительному противостоянию.
Сегодня из 40 бумаг входящих в основной Индекс МосБиржи 38 – завершили день в «зеленом поле» и лишь две «РУСАЛ» (-0,21%) и  «Татнефть» (ао -0,03%) продемонстрировали символическое снижение.
Фаворитами дня стали тяжеловесные акции «Сбербанка» (ап +3,04%, ао ++2,44%), которые уверенно росли в течение дня после заявления Германа Грефа о том, что банк может вернуться к выплате дивидендов по итогам 2022 года. На фоне потребности российского бюджета в дополнительных источниках доходов, шансы на выплату дивидендов эксперты расценивают как очень возможную, поскольку мажоритарная доля в капитале банка именно государственная.
Также в числе лидеров роста во вторник оказались бумаги Polymetal (+4,66%), Ozon (+4,21%), ПИК (+3,30%), X5 (+2,73%), ММК (+3,94%), НЛМК (+2,68%) и «Северсталь» (+2,23%).
Золотодобытчик «Полюс»(+0,68%) сегодня отчитался по операционным результатам за второе полугодие 2022 года. Согласно опубликованным данным, компания увеличила в отчетном периоде общий объем производства золота на 38% по сравнению с первым полугодием и на 1,3% год к году. Годовое производство снизилось на 6,5%, продажи сократились на 11,4%. 

Нефтяной рынок во вторник снижается, торгуясь уже ниже отметки $83 за баррель Brent. В моменте за Brent дают $82,94 за баррель (-1,34%), «бочка» Light торгуется по $76,41(-0,18%).
Рубль тем временем продолжает слабеть. Доллар к закрытию торгов на Мосбирже подрос на 0,74% - до 75,04 рубля, евро подорожал на 0,59% - до 80,1 рубля, юань снизился на 0,18% - до 10,85 рубля. Как отмечает Юрий Кравченко, начальник отдела банков и денежного рынка ИК “ВЕЛЕС Капитал”, российский валютный рынок достаточно сдержанно реагировал на послание Федеральному собранию и диапазон сегодняшних торгов оказался меньше, чем в предыдущие дни. Эксперт полагает, что перед длинными выходными часть участников рынка все же предпочтет выйти из рублевых позиций, однако в этом случае масштаб коррекции российской валюты будет сдерживаться фактором крупных налоговых платежей в конце месяца.
На глобальных площадках во вторник преобладают негативные настроения. Европейские биржи завершили торги преимущественно в минусе. 
Ведущие фондовые площадки США в свой первый торговый день на этой неделе ощутимо снижаются. Инвесторы пребывают в ожидании протокола февральского заседания ФРС США, публикация которого запланирована на среду. Судя по тому, что доходности по государственным облигациям растут - десятилетки практически подобрались к 4%, рынок ставит на дальнейшее повышение ставки от ФРС.
Из статистики в США опубликованы предварительные оценки деловой активности за февраль. Так PMI перерабатывающих отраслей в феврале составил 47,8 пункта, что выше январских 46,9 и прогноза на уровне 47,1 пункта. Композитный PMI тем временем, по предварительным данным, вырос до 50,2 пункта в феврале после январских 46,8, прогнозировалось 47,5 пункта. Продажи жилья на вторичном рынке в январе 2023 года снизились на 0,7% до годового уровня в 4,0 млн с учетом сезонных колебаний, что оказалось ниже ожидаемого роста на 2% до 4,1 млн. 
"	https://www.finam.ru/publications/item/negativnye-ozhidaniya-investorov-ne-realizovalis---rynok-otkupil-prosadku-20230221-2051/?utm_source=rss&utm_medium=new_compaigns&news_to_finamb=new_compaigns	Tue, 21 Feb 2023 20:51:10 +0300
863	Аналитики Morgan Stanley ожидают роста евро	"
Стратеги Morgan Stanley уверены в том, что еврозона может выдержать дальнейшее повышение процентных ставок, а также пересмотрели свои прогнозы по единой европейской валюте на более оптимистичные, пишет Bloomberg.
Ближайший форвардный спрэд — разница между трехмесячной ставкой и тем, какой ее видят инвесторы через 18 месяцев — инвертирован для многих рынков, включая США и Новую Зеландию, однако для еврозоны он снизился в январе и с тех пор остается примерно неизменным. Это признак того, что Европейский центральный банк может продолжать повышать процентные ставки, чтобы сдержать инфляцию, не слишком беспокоясь об экономических последствиях. Об этом заявил Дэвид Адамс, глава отдела валютной стратегии Morgan Stanley.
«Если спред очень сильно инвертирован, то это сигнализирует о том, что центральный банк поднял ставку достаточно высоко», - заявляет Адамс. «В этом случае экономика страны уже может находиться на грани рецессии. В Европе же спред относительно ровный, а значит регион может выдержать более высокие ставки».
Евро между тем упал по отношению к доллару и фунту стерлингов с начала февраля, а рынки опционов указывают на то, что в будущем может наблюдаться дальнейшее ослабление валюты. Тем не менее, по мнению стратегов Morgan Stanley, перспектива того, что ЕЦБ продолжит повышать ставки на фоне устойчивой экономики, указывает на долгосрочный потенциал роста валюты.

"	https://www.finam.ru/publications/item/analitiki-morgan-stanley-ozhidayut-rosta-evro-20230216-1425/?utm_source=rss&utm_medium=world_news&news_to_finamb=world_news	Thu, 16 Feb 2023 14:25:02 +0300
869	Цены на медь перешли к росту на фоне ослабления доллара	"
Цены на медь перешли к росту на фоне ослабления доллара. Фьючерс прибавляет 0,89% до $8921,04 за тонну, свидетельствуют данные торгов Лондонской биржи металлов (LME). Слабый доллар делает сырьевые товары доступнее для покупателей.
Индекс доллара DXY, отслеживающий изменение курса к корзине валют шести стран, снизился на 0,21% до 103,7 пункта. Доллар ослаб на фоне аппетита к риску, вызванного ростом региональных фондовых рынков и фьючерсов на акции США.

"	https://www.finam.ru/publications/item/tseny-na-med-pereshli-k-rostu-na-fone-oslableniya-dollara-20230216-0857/?utm_source=rss&utm_medium=world_news&news_to_finamb=world_news	Thu, 16 Feb 2023 08:57:36 +0300
920	Цены на медь стабильны на фоне слабеющего доллара	"
Котировки меди незначительно снижаются, достигая $8944,18 за тонну, следует из данных торгов LME. При этом на бирже Comex фьючерсы перешли к росту, в моменте дорожают на 0,04% до $4,0623 за фунт (около 0,45 кг).
Цены на металл колеблются на фоне снижения курса доллара в ожидании статистики по инфляции в США (16:30 мск). Ожидается, что годовая инфляция замедлится до 6,2% с 6,5%.
Дешевый доллар делает сырьевые товары доступнее для покупателей.
На валютном рынке пара Eur/Usd поднялась на 0,15% до 1,074. Индекс доллара DXY опустился на 0,19% до 103,15 пункта.

"	https://www.finam.ru/publications/item/tseny-na-med-stabilny-na-fone-slabeyushchego-dollara-20230214-0852/?utm_source=rss&utm_medium=world_news&news_to_finamb=world_news	Tue, 14 Feb 2023 08:52:31 +0300
